日付,競馬場,レース番号,馬券種別,枠番,倍率,購入金額,的中,払い戻し,収支(Total),収支(税務上)
2025/06/11,園田,1R,複勝,10,1.3,¥300,FALSE,¥0,-¥300,¥0
2025/06/11,園田,1R,ワイド,09–10,2.4,¥200,FALSE,¥0,-¥200,¥0
2025/06/11,園田,1R,馬連,04–10,4.1,¥100,FALSE,¥0,-¥100,¥0
2025/06/11,園田,1R,三連複,04–09–10,6.2,¥100,FALSE,¥0,-¥100,¥0
2025/06/11,園田,2R,単勝,1,3.9,¥300,TRUE,¥1170,¥870,¥870
2025/06/11,園田,2R,単勝,4,6.6,¥200,FALSE,¥0,-¥200,¥0
2025/06/11,園田,2R,ワイド,01–04,1.0,¥200,TRUE,¥200,¥0,¥0
2025/06/11,園田,2R,馬連,01–04,11.5,¥100,FALSE,¥0,-¥100,¥0
2025/06/11,園田,2R,三連複,01–02–04,4.6,¥100,FALSE,¥0,-¥100,¥0
2025/06/11,園田,2R,単勝,2,7.2,¥100,FALSE,¥0,-¥100,¥0
2025/06/11,園田,2R,三連単,01→04→02,31.9,¥200,FALSE,¥0,-¥200,¥0
2025/06/11,園田,4R,複勝,1,1.0,¥200,FALSE,¥0,-¥200,¥0
2025/06/11,園田,4R,ワイド,01–02,3.6,¥100,FALSE,¥0,-¥100,¥0
2025/06/11,園田,4R,馬連,01–09,11.0,¥100,FALSE,¥0,-¥100,¥0
2025/06/11,園田,4R,三連複,01–02–09,18.1,¥200,FALSE,¥0,-¥200,¥0
2025/06/11,園田,5R,複勝,6,1.0,¥200,TRUE,¥200,¥0,¥0
2025/06/11,園田,5R,ワイド,06–11,2.0,¥200,TRUE,¥400,¥200,¥200
2025/06/11,園田,5R,馬連,06–12,6.0,¥100,FALSE,¥0,-¥100,¥0
2025/06/11,園田,5R,三連複,06–11–12,6.5,¥100,TRUE,¥650,¥550,¥550
2025/06/11,園田,5R,三連単,06→11→12,48.6,¥100,FALSE,¥0,-¥100,¥0
2025/06/11,大井,1R,複勝,4,1.5,¥300,TRUE,¥450,¥150,¥150
2025/06/11,大井,1R,複勝,9,1.7,¥200,FALSE,¥0,-¥200,¥0
2025/06/11,大井,1R,ワイド,04－09,6.0,¥200,FALSE,¥0,-¥200,¥0
2025/06/11,大井,1R,ワイド,04－11,5.5,¥200,FALSE,¥0,-¥200,¥0
2025/06/11,大井,1R,馬連,04－09,11.6,¥200,FALSE,¥0,-¥200,¥0
2025/06/11,大井,1R,三連複,01－04－09,23.9,¥100,FALSE,¥0,-¥100,¥0
2025/06/11,大井,1R,三連複,04－09－11,33.4,¥100,FALSE,¥0,-¥100,¥0
2025/06/11,笠松,8R,複勝,4,1.4,¥200,FALSE,¥0,-¥200,¥0
2025/06/11,笠松,8R,ワイド,04-09,3.3,¥100,FALSE,¥0,-¥100,¥0
2025/06/11,笠松,8R,三連複,02-04-09,16.0,¥100,FALSE,¥0,-¥100,¥0
2025/06/14,函館,9R,単勝,1,4.4,¥200,FALSE,¥0,-¥200,¥0
2025/06/14,函館,9R,複勝,1,1.4,¥200,FALSE,¥0,-¥200,¥0
2025/06/14,函館,9R,複勝,12,1.6,¥100,TRUE,¥160,¥60,¥60
2025/06/14,函館,9R,ワイド,01-08,3.8,¥100,FALSE,¥0,-¥100,¥0
2025/06/14,函館,9R,ワイド,01-12,3.7,¥200,FALSE,¥0,-¥200,¥0
2025/06/14,函館,9R,ワイド,08-12,4.2,¥100,FALSE,¥0,-¥100,¥0
2025/06/14,函館,9R,馬連,01-12,7.4,¥100,FALSE,¥0,-¥100,¥0
2025/06/14,東京,10R,単勝,6,3.6,¥100,FALSE,¥0,-¥100,¥0
2025/06/14,東京,10R,ワイド,02–06,3.5,¥100,FALSE,¥0,-¥100,¥0
2025/06/14,東京,10R,ワイド,06–07,5.6,¥100,FALSE,¥0,-¥100,¥0
2025/06/14,東京,10R,ワイド,06–16,7.0,¥100,FALSE,¥0,-¥100,¥0
2025/06/14,東京,10R,ワイド,06–12,15.3,¥100,FALSE,¥0,-¥100,¥0
2025/06/14,函館,10R,ワイド,01–08,11.0,¥100,FALSE,¥0,-¥100,¥0
2025/06/14,函館,10R,ワイド,01–12,6.8,¥100,FALSE,¥0,-¥100,¥0
2025/06/14,函館,10R,ワイド,08–12,4.6,¥100,FALSE,¥0,-¥100,¥0
2025/06/14,函館,10R,単勝,12,2.4,¥200,FALSE,¥0,-¥200,¥0
2025/06/14,東京,11R,ワイド,06–09,4.3,¥100,FALSE,¥0,-¥100,¥0
2025/06/15,阪神,7R,ワイド,01–03,2.5,¥200,TRUE,¥500,¥300,¥300
2025/06/15,阪神,7R,ワイド,03–05,1.7,¥400,TRUE,¥680,¥280,¥280
2025/06/15,阪神,7R,ワイド,03–07,4.2,¥200,FALSE,¥0,-¥200,¥0
2025/06/15,阪神,7R,複勝,7,2.1,¥200,FALSE,¥0,-¥200,¥0
2025/06/15,阪神,7R,馬連,03–05,3.5,¥200,FALSE,¥0,-¥200,¥0
2025/06/15,東京,9R,単勝,6,2.6,¥300,FALSE,¥0,-¥300,¥0
2025/06/15,東京,9R,ワイド,02–06,2.5,¥100,TRUE,¥250,¥150,¥150
2025/06/15,東京,9R,ワイド,06–09,2.4,¥200,TRUE,¥480,¥280,¥280
2025/06/15,東京,9R,複勝,9,1.4,¥100,TRUE,¥140,¥40,¥40
2025/06/15,東京,9R,馬連,06–09,4.8,¥100,FALSE,¥0,-¥100,¥0
2025/06/15,東京,11R,単勝,10,5.5,¥200,FALSE,¥0,-¥200,¥0
2025/06/15,東京,11R,複勝,14,3.2,¥100,TRUE,¥320,¥220,¥220
2025/06/15,東京,11R,ワイド,01–10,10.1,¥100,FALSE,¥0,-¥100,¥0
2025/06/15,東京,11R,ワイド,10–11,3.8,¥300,FALSE,¥0,-¥300,¥0
2025/06/15,東京,11R,ワイド,10–14,6.8,¥200,FALSE,¥0,-¥200,¥0
2025/06/15,函館,12R,単勝,9,3.0,¥200,TRUE,¥600,¥400,¥400
2025/06/15,函館,12R,複勝,7,1.7,¥100,FALSE,¥0,-¥100,¥0
2025/06/15,函館,12R,ワイド,01–09,3.9,¥300,FALSE,¥0,-¥300,¥0
2025/06/15,函館,12R,ワイド,05–09,7.7,¥200,FALSE,¥0,-¥200,¥0
2025/06/15,函館,12R,ワイド,07–09,3.8,¥400,FALSE,¥0,-¥400,¥0
2025/06/22  ,函館   ,9R        ,単勝    ,4,5.8,¥100,FALSE,¥0,-¥100,¥0
2025/06/22  ,函館   ,9R        ,複勝    ,4,1.7,¥100,FALSE,¥0,-¥100,¥0
2025/06/22  ,函館   ,9R        ,ワイド   ,04–08    ,5.6,¥200,FALSE,¥0,-¥200,¥0
2025/06/22  ,函館   ,9R        ,ワイド   ,04–10    ,3.2,¥300,FALSE,¥0,-¥300,¥0
2025/06/22  ,阪神   ,9R        ,ワイド   ,03–04    ,3.1,¥200,FALSE,¥0,-¥200,¥0
2025/06/22  ,阪神   ,9R        ,ワイド   ,04–06    ,3.0,¥300,FALSE,¥0,-¥300,¥0
2025/06/22  ,阪神   ,9R        ,ワイド   ,04–08    ,3.4,¥200,TRUE,¥680,¥480,¥480
2025/06/22  ,阪神   ,9R        ,単勝    ,4,2.2,¥300,FALSE,¥0,-¥300,¥0
2025/06/22  ,函館   ,12R       ,単勝    ,9,2.9,¥400,TRUE,¥1160,¥760,¥760
2025/06/22  ,函館   ,12R       ,複勝    ,9,1.4,¥300,TRUE,¥420,¥120,¥120
2025/06/22  ,函館   ,12R       ,ワイド   ,02–09   ,3.4,¥300,TRUE,¥1020,¥720,¥720
2025/06/22  ,函館   ,12R       ,ワイド   ,08–09   ,8.0,¥300,FALSE,¥0,-¥300,¥0
2025/06/26,佐賀,8R,単勝,2,1.8,¥100,TRUE,¥180,¥80,¥80
2025/06/26,佐賀,8R,複勝,2,1.0,¥100,TRUE,¥100,¥0,¥0
2025/06/26,佐賀,8R,ワイド,02–05,3.6,¥100,FALSE,¥0,-¥100,¥0
2025/06/26,佐賀,8R,ワイド,02–06,2.6,¥100,TRUE,¥260,¥160,¥160
2025/06/26,浦和,11R,ワイド,02–04,4.4,¥200,TRUE,¥880,¥680,¥680
2025/06/26,浦和,11R,ワイド,04–07,3.9,¥100,FALSE,¥0,-¥100,¥0
2025/06/26,浦和,11R,馬連,02–04,14.0,¥100,TRUE,¥1400,¥1300,¥1300
2025/06/26,浦和,11R,単勝,4,4.1,¥200,FALSE,¥0,-¥200,¥0
2025/06/26,浦和,11R,複勝,4,1.9,¥100,TRUE,¥190,¥90,¥90
2025/06/26,浦和,12R,単勝,4,4.1,¥300,FALSE,¥0,-¥300,¥0
2025/06/26,浦和,12R,複勝,3,2.9,¥100,FALSE,¥0,-¥100,¥0
2025/06/26,浦和,12R,ワイド,03–04,8.9,¥100,FALSE,¥0,-¥100,¥0
2025/06/26,浦和,12R,ワイド,04–06,5.1,¥300,FALSE,¥0,-¥300,¥0
2025/06/26,浦和,12R,馬連,04–06,9.5,¥100,FALSE,¥0,-¥100,¥0
2025/07/01,水沢,6R,単勝,4,2.0,¥200,TRUE,¥400,¥200,¥200
2025/07/01,水沢,6R,複勝,4,1.2,¥100,TRUE,¥120,¥20,¥20
2025/07/01,水沢,6R,ワイド,01–04,3.8,¥100,FALSE,¥0,-¥100,¥0
2025/07/01,水沢,6R,ワイド,04–07,2.0,¥200,TRUE,¥400,¥200,¥200
2025/07/01,水沢,6R,ワイド,04–10,3.7,¥100,FALSE,¥0,-¥100,¥0
2025/07/01,水沢,7R,単勝,9,3.3,¥300,FALSE,¥0,-¥300,¥0
2025/07/01,水沢,7R,複勝,9,1.5,¥200,TRUE,¥300,¥100,¥100
2025/07/01,水沢,7R,ワイド,02–07,3.0,¥100,FALSE,¥0,-¥100,¥0
2025/07/01,水沢,7R,ワイド,02–09,4.4,¥300,FALSE,¥0,-¥300,¥0
2025/07/01,水沢,7R,ワイド,07–09,4.6,¥200,FALSE,¥0,-¥200,¥0
2025/07/01,水沢,8R,単勝,7,2.5,¥300,FALSE,¥0,-¥300,¥0
2025/07/01,水沢,8R,複勝,7,1.4,¥300,TRUE,¥420,¥120,¥120
2025/07/01,水沢,8R,ワイド,05–07,2.3,¥200,FALSE,¥0,-¥200,¥0
2025/07/01,水沢,8R,ワイド,07–10,3.4,¥400,TRUE,¥1360,¥960,¥960
2025/07/01,水沢,8R,馬連,07–10,6.5,¥200,TRUE,¥1300,¥1100,¥1100
2025/07/01,金沢,10R,単勝,3,2.0,¥300,FALSE,¥0,-¥300,¥0
2025/07/01,金沢,10R,ワイド,03–06,2.2,¥200,TRUE,¥440,¥240,¥240
2025/07/01,金沢,10R,ワイド,03–07,1.9,¥300,TRUE,¥570,¥270,¥270
2025/07/01,金沢,10R,馬連,03–07,3.3,¥200,TRUE,¥660,¥460,¥460
2025/07/01,金沢,10R,複勝,6,2.0,¥100,TRUE,¥200,¥100,¥100
2025/07/02,園田,9R,単勝,1,1.9,¥300,TRUE,¥570,¥270,¥270
2025/07/02,園田,9R,複勝,1,1.2,¥200,TRUE,¥240,¥40,¥40
2025/07/02,園田,9R,ワイド,01–03,4.0,¥100,TRUE,¥400,¥300,¥300
2025/07/02,園田,9R,ワイド,01–05,2.0,¥200,FALSE,¥0,-¥200,¥0
2025/07/02,門別,8R,単勝,7,2.4,¥400,FALSE,¥0,-¥400,¥0
2025/07/02,門別,8R,複勝,7,1.0,¥200,TRUE,¥200,¥0,¥0
2025/07/02,門別,8R,馬連,07–08,12.0,¥200,FALSE,¥0,-¥200,¥0
2025/07/02,門別,8R,ワイド,01–07,2.3,¥200,TRUE,¥460,¥260,¥260
2025/07/02,門別,8R,ワイド,07–08,3.2,¥300,FALSE,¥0,-¥300,¥0
2025/07/02,門別,8R,三連複,01–07–08,15.3,¥100,FALSE,¥0,-¥100,¥0
2025/07/08,金沢,5R,単勝,4,3.5,¥200,FALSE,¥0,-¥200,¥0
2025/07/08,金沢,5R,複勝,6,1.4,¥200,TRUE,¥280,¥80,¥80
2025/07/08,金沢,5R,ワイド,04–06,2.4,¥300,TRUE,¥720,¥420,¥420
2025/07/08,金沢,5R,ワイド,04–08,4.2,¥200,FALSE,¥0,-¥200,¥0
2025/07/08,盛岡,8R,ワイド,02–10,4.3,¥400,FALSE,¥0,-¥400,¥0
2025/07/08,盛岡,8R,ワイド,02–11,8.8,¥300,FALSE,¥0,-¥300,¥0
2025/07/08,盛岡,8R,単勝,2,3.6,¥200,FALSE,¥0,-¥200,¥0
2025/07/08,盛岡,8R,複勝,2,1.8,¥200,FALSE,¥0,-¥200,¥0
2025/07/08,盛岡,8R,三連複,02–10–11,12.6,¥200,FALSE,¥0,-¥200,¥0
2025/07/08,名古屋,8R,ワイド,02–05,2.7,¥100,TRUE,¥270,¥170,¥170
2025/07/08,名古屋,8R,ワイド,02–07,4.9,¥200,FALSE,¥0,-¥200,¥0
2025/07/08,名古屋,8R,ワイド,02–10,11.4,¥100,FALSE,¥0,-¥100,¥0
2025/07/08,名古屋,8R,三連複,02–07–10,28.5,¥200,FALSE,¥0,-¥200,¥0
2025/07/08,名古屋,8R,単勝,2,2.1,¥100,TRUE,¥210,¥110,¥110
2025/07/08,名古屋,8R,複勝,2,1.1,¥100,TRUE,¥110,¥10,¥10
2025/07/20,福島,4R,単勝,2,4.0,¥200,FALSE,¥0,-¥200,¥0
2025/07/20,福島,4R,複勝,2,1.7,¥200,TRUE,¥340,¥140,¥140
2025/07/20,福島,4R,ワイド,01–02,1.9,¥200,FALSE,¥0,-¥200,¥0
2025/07/20,福島,4R,ワイド,02–03,4.0,¥100,FALSE,¥0,-¥100,¥0
2025/07/20,福島,4R,馬連,01–02,5.7,¥100,FALSE,¥0,-¥100,¥0
2025/07/20,函館,7R,単勝,3,4.0,¥300,TRUE,¥1200,¥900,¥900
2025/07/20,函館,7R,複勝,3,1.5,¥300,TRUE,¥450,¥150,¥150
2025/07/20,函館,7R,ワイド,03–10,8.9,¥300,FALSE,¥0,-¥300,¥0
2025/07/20,函館,7R,ワイド,03–12,3.7,¥300,TRUE,¥1110,¥810,¥810
2025/07/20,小倉,7R,単勝,2,1.8,¥600,FALSE,¥0,-¥600,¥0
2025/07/20,小倉,7R,複勝,2,1.1,¥400,FALSE,¥0,-¥400,¥0
2025/07/20,小倉,7R,ワイド,01–02,1.6,¥500,FALSE,¥0,-¥500,¥0
2025/07/20,小倉,7R,ワイド,02–08,3.0,¥300,FALSE,¥0,-¥300,¥0
2025/07/20,小倉,7R,馬連,01–02,3.4,¥100,FALSE,¥0,-¥100,¥0
2025/07/20,小倉,7R,3連複,01–02–08,6.0,¥100,FALSE,¥0,-¥100,¥0
2025/07/23,園田,2R,単勝,4,1.8,¥300,FALSE,¥0,-¥300,¥0
2025/07/23,園田,2R,ワイド,02–04,2.5,¥700,FALSE,¥0,-¥700,¥0
2025/07/23,園田,3R,ワイド,01–02,2.0,¥400,TRUE,¥800,¥400,¥400
2025/07/23,園田,3R,ワイド,01–04,3.9,¥200,FALSE,¥0,-¥200,¥0
2025/07/23,園田,3R,ワイド,02–04,4.9,¥100,FALSE,¥0,-¥100,¥0
2025/07/23,園田,3R,ワイド,01–10,2.0,¥200,FALSE,¥0,-¥200,¥0
2025/07/23,園田,3R,単勝,1,1.7,¥200,FALSE,¥0,-¥200,¥0
2025/07/23,園田,3R,単勝,2,4.6,¥100,FALSE,¥0,-¥100,¥0
2025/07/23,園田,4R,ワイド,02–09,1.3,¥600,TRUE,¥780,¥180,¥180
2025/07/23,園田,4R,単勝,2,3.4,¥200,FALSE,¥0,-¥200,¥0
,,,,,,,FALSE,¥0,¥0,¥0
,,,,,,,FALSE,¥0,¥0,¥0
,,,,,,,FALSE,¥0,¥0,¥0
,,,,,,,FALSE,¥0,¥0,¥0
,,,,,,,FALSE,¥0,¥0,¥0
,,,,,,,FALSE,¥0,¥0,¥0
,,,,,,,FALSE,¥0,¥0,¥0
,,,,,,,FALSE,¥0,¥0,¥0
,,,,,,,FALSE,¥0,¥0,¥0
,,,,,,,FALSE,¥0,¥0,¥0
,,,,,,,FALSE,¥0,¥0,¥0
,,,,,,,FALSE,¥0,¥0,¥0
,,,,,,,FALSE,¥0,¥0,¥0
,,,,,,,FALSE,¥0,¥0,¥0
,,,,,,,FALSE,¥0,¥0,¥0
,,,,,,,FALSE,¥0,¥0,¥0
,,,,,,,FALSE,¥0,¥0,¥0
,,,,,,,FALSE,¥0,¥0,¥0
,,,,,,,FALSE,¥0,¥0,¥0
,,,,,,,FALSE,¥0,¥0,¥0
,,,,,,,FALSE,¥0,¥0,¥0
,,,,,,,FALSE,¥0,¥0,¥0
,,,,,,,FALSE,¥0,¥0,¥0
,,,,,,,FALSE,¥0,¥0,¥0
,,,,,,,FALSE,¥0,¥0,¥0
,,,,,,,FALSE,¥0,¥0,¥0
,,,,,,,FALSE,¥0,¥0,¥0
,,,,,,,FALSE,¥0,¥0,¥0
,,,,,,,FALSE,¥0,¥0,¥0
,,,,,,,FALSE,¥0,¥0,¥0
,,,,,,,FALSE,¥0,¥0,¥0
,,,,,,,FALSE,¥0,¥0,¥0
,,,,,,,FALSE,¥0,¥0,¥0
,,,,,,,FALSE,¥0,¥0,¥0
,,,,,,,FALSE,¥0,¥0,¥0
,,,,,,,FALSE,¥0,¥0,¥0
,,,,,,,FALSE,¥0,¥0,¥0
,,,,,,,FALSE,¥0,¥0,¥0
,,,,,,,FALSE,¥0,¥0,¥0
,,,,,,,FALSE,¥0,¥0,¥0
,,,,,,,FALSE,¥0,¥0,¥0
,,,,,,,FALSE,¥0,¥0,¥0
,,,,,,,FALSE,¥0,¥0,¥0
,,,,,,,FALSE,¥0,¥0,¥0
,,,,,,,FALSE,¥0,¥0,¥0
,,,,,,,FALSE,¥0,¥0,¥0
,,,,,,,FALSE,¥0,¥0,¥0
,,,,,,,FALSE,¥0,¥0,¥0
,,,,,,,FALSE,¥0,¥0,¥0
,,,,,,,FALSE,¥0,¥0,¥0
,,,,,,,FALSE,¥0,¥0,¥0
,,,,,,,FALSE,¥0,¥0,¥0
,,,,,,,FALSE,¥0,¥0,¥0
,,,,,,,FALSE,¥0,¥0,¥0
,,,,,,,FALSE,¥0,¥0,¥0
,,,,,,,FALSE,¥0,¥0,¥0
,,,,,,,FALSE,¥0,¥0,¥0
,,,,,,,FALSE,¥0,¥0,¥0
,,,,,,,FALSE,¥0,¥0,¥0
,,,,,,,FALSE,¥0,¥0,¥0
,,,,,,,FALSE,¥0,¥0,¥0
,,,,,,,FALSE,¥0,¥0,¥0
,,,,,,,FALSE,¥0,¥0,¥0
,,,,,,,FALSE,¥0,¥0,¥0
,,,,,,,FALSE,¥0,¥0,¥0
,,,,,,,FALSE,¥0,¥0,¥0
,,,,,,,FALSE,¥0,¥0,¥0
,,,,,,,FALSE,¥0,¥0,¥0
,,,,,,,FALSE,¥0,¥0,¥0
,,,,,,,FALSE,¥0,¥0,¥0
,,,,,,,FALSE,¥0,¥0,¥0
,,,,,,,FALSE,¥0,¥0,¥0
,,,,,,,FALSE,¥0,¥0,¥0
,,,,,,,FALSE,¥0,¥0,¥0
,,,,,,,FALSE,¥0,¥0,¥0
,,,,,,,FALSE,¥0,¥0,¥0
,,,,,,,FALSE,¥0,¥0,¥0
,,,,,,,FALSE,¥0,¥0,¥0
,,,,,,,FALSE,¥0,¥0,¥0
,,,,,,,FALSE,¥0,¥0,¥0
,,,,,,,FALSE,¥0,¥0,¥0
,,,,,,,FALSE,¥0,¥0,¥0
,,,,,,,FALSE,¥0,¥0,¥0
,,,,,,,FALSE,¥0,¥0,¥0
,,,,,,,FALSE,¥0,¥0,¥0
,,,,,,,FALSE,¥0,¥0,¥0
,,,,,,,FALSE,¥0,¥0,¥0
,,,,,,,FALSE,¥0,¥0,¥0
,,,,,,,FALSE,¥0,¥0,¥0
,,,,,,,FALSE,¥0,¥0,¥0
,,,,,,,FALSE,¥0,¥0,¥0
,,,,,,,FALSE,¥0,¥0,¥0
,,,,,,,FALSE,¥0,¥0,¥0
,,,,,,,FALSE,¥0,¥0,¥0
,,,,,,,FALSE,¥0,¥0,¥0
,,,,,,,FALSE,¥0,¥0,¥0
,,,,,,,FALSE,¥0,¥0,¥0
,,,,,,,FALSE,¥0,¥0,¥0
,,,,,,,FALSE,¥0,¥0,¥0
,,,,,,,FALSE,¥0,¥0,¥0
,,,,,,,FALSE,¥0,¥0,¥0
,,,,,,,FALSE,¥0,¥0,¥0
,,,,,,,FALSE,¥0,¥0,¥0
,,,,,,,FALSE,¥0,¥0,¥0
,,,,,,,FALSE,¥0,¥0,¥0
,,,,,,,FALSE,¥0,¥0,¥0
,,,,,,,FALSE,¥0,¥0,¥0
,,,,,,,FALSE,¥0,¥0,¥0
,,,,,,,FALSE,¥0,¥0,¥0
,,,,,,,FALSE,¥0,¥0,¥0
,,,,,,,FALSE,¥0,¥0,¥0
,,,,,,,FALSE,¥0,¥0,¥0
,,,,,,,FALSE,¥0,¥0,¥0
,,,,,,,FALSE,¥0,¥0,¥0
,,,,,,,FALSE,¥0,¥0,¥0
,,,,,,,FALSE,¥0,¥0,¥0
,,,,,,,FALSE,¥0,¥0,¥0
,,,,,,,FALSE,¥0,¥0,¥0
,,,,,,,FALSE,¥0,¥0,¥0
,,,,,,,FALSE,¥0,¥0,¥0
,,,,,,,FALSE,¥0,¥0,¥0
,,,,,,,FALSE,¥0,¥0,¥0
,,,,,,,FALSE,¥0,¥0,¥0
,,,,,,,FALSE,¥0,¥0,¥0
,,,,,,,FALSE,¥0,¥0,¥0
,,,,,,,FALSE,¥0,¥0,¥0
,,,,,,,FALSE,¥0,¥0,¥0
,,,,,,,FALSE,¥0,¥0,¥0
,,,,,,,FALSE,¥0,¥0,¥0
,,,,,,,FALSE,¥0,¥0,¥0
,,,,,,,FALSE,¥0,¥0,¥0
,,,,,,,FALSE,¥0,¥0,¥0
,,,,,,,FALSE,¥0,¥0,¥0
,,,,,,,FALSE,¥0,¥0,¥0
,,,,,,,FALSE,¥0,¥0,¥0
,,,,,,,FALSE,¥0,¥0,¥0
,,,,,,,FALSE,¥0,¥0,¥0
,,,,,,,FALSE,¥0,¥0,¥0
,,,,,,,FALSE,¥0,¥0,¥0
,,,,,,,FALSE,¥0,¥0,¥0
,,,,,,,FALSE,¥0,¥0,¥0
,,,,,,,FALSE,¥0,¥0,¥0
,,,,,,,FALSE,¥0,¥0,¥0
,,,,,,,FALSE,¥0,¥0,¥0
,,,,,,,FALSE,¥0,¥0,¥0
,,,,,,,FALSE,¥0,¥0,¥0
,,,,,,,FALSE,¥0,¥0,¥0
,,,,,,,FALSE,¥0,¥0,¥0
,,,,,,,FALSE,¥0,¥0,¥0
,,,,,,,FALSE,¥0,¥0,¥0
,,,,,,,FALSE,¥0,¥0,¥0
,,,,,,,FALSE,¥0,¥0,¥0
,,,,,,,FALSE,¥0,¥0,¥0
,,,,,,,FALSE,¥0,¥0,¥0
,,,,,,,FALSE,¥0,¥0,¥0
,,,,,,,FALSE,¥0,¥0,¥0
,,,,,,,FALSE,¥0,¥0,¥0
,,,,,,,FALSE,¥0,¥0,¥0
,,,,,,,FALSE,¥0,¥0,¥0
,,,,,,,FALSE,¥0,¥0,¥0
,,,,,,,FALSE,¥0,¥0,¥0
,,,,,,,FALSE,¥0,¥0,¥0
,,,,,,,FALSE,¥0,¥0,¥0
,,,,,,,FALSE,¥0,¥0,¥0
,,,,,,,FALSE,¥0,¥0,¥0
,,,,,,,FALSE,¥0,¥0,¥0
,,,,,,,FALSE,¥0,¥0,¥0
,,,,,,,FALSE,¥0,¥0,¥0
,,,,,,,FALSE,¥0,¥0,¥0
,,,,,,,FALSE,¥0,¥0,¥0
,,,,,,,FALSE,¥0,¥0,¥0
,,,,,,,FALSE,¥0,¥0,¥0
,,,,,,,FALSE,¥0,¥0,¥0
,,,,,,,FALSE,¥0,¥0,¥0
,,,,,,,FALSE,¥0,¥0,¥0
,,,,,,,FALSE,¥0,¥0,¥0
,,,,,,,FALSE,¥0,¥0,¥0
,,,,,,,FALSE,¥0,¥0,¥0
,,,,,,,FALSE,¥0,¥0,¥0
,,,,,,,FALSE,¥0,¥0,¥0
,,,,,,,FALSE,¥0,¥0,¥0
,,,,,,,FALSE,¥0,¥0,¥0
,,,,,,,FALSE,¥0,¥0,¥0
,,,,,,,FALSE,¥0,¥0,¥0
,,,,,,,FALSE,¥0,¥0,¥0
,,,,,,,FALSE,¥0,¥0,¥0
,,,,,,,FALSE,¥0,¥0,¥0
,,,,,,,FALSE,¥0,¥0,¥0
,,,,,,,FALSE,¥0,¥0,¥0
,,,,,,,FALSE,¥0,¥0,¥0
,,,,,,,FALSE,¥0,¥0,¥0
,,,,,,,FALSE,¥0,¥0,¥0
,,,,,,,FALSE,¥0,¥0,¥0
,,,,,,,FALSE,¥0,¥0,¥0
,,,,,,,FALSE,¥0,¥0,¥0
,,,,,,,FALSE,¥0,¥0,¥0
,,,,,,,FALSE,¥0,¥0,¥0
,,,,,,,FALSE,¥0,¥0,¥0
,,,,,,,FALSE,¥0,¥0,¥0
,,,,,,,FALSE,¥0,¥0,¥0
,,,,,,,FALSE,¥0,¥0,¥0
,,,,,,,FALSE,¥0,¥0,¥0
,,,,,,,FALSE,¥0,¥0,¥0
,,,,,,,FALSE,¥0,¥0,¥0
,,,,,,,FALSE,¥0,¥0,¥0
,,,,,,,FALSE,¥0,¥0,¥0
,,,,,,,FALSE,¥0,¥0,¥0
,,,,,,,FALSE,¥0,¥0,¥0
,,,,,,,FALSE,¥0,¥0,¥0
,,,,,,,FALSE,¥0,¥0,¥0
,,,,,,,FALSE,¥0,¥0,¥0
,,,,,,,FALSE,¥0,¥0,¥0
,,,,,,,FALSE,¥0,¥0,¥0
,,,,,,,FALSE,¥0,¥0,¥0
,,,,,,,FALSE,¥0,¥0,¥0
,,,,,,,FALSE,¥0,¥0,¥0
,,,,,,,FALSE,¥0,¥0,¥0
,,,,,,,FALSE,¥0,¥0,¥0
,,,,,,,FALSE,¥0,¥0,¥0
,,,,,,,FALSE,¥0,¥0,¥0
,,,,,,,FALSE,¥0,¥0,¥0
,,,,,,,FALSE,¥0,¥0,¥0
,,,,,,,FALSE,¥0,¥0,¥0
,,,,,,,FALSE,¥0,¥0,¥0
,,,,,,,FALSE,¥0,¥0,¥0
,,,,,,,FALSE,¥0,¥0,¥0
,,,,,,,FALSE,¥0,¥0,¥0
,,,,,,,FALSE,¥0,¥0,¥0
,,,,,,,FALSE,¥0,¥0,¥0
,,,,,,,FALSE,¥0,¥0,¥0
,,,,,,,FALSE,¥0,¥0,¥0
,,,,,,,FALSE,¥0,¥0,¥0
,,,,,,,FALSE,¥0,¥0,¥0
,,,,,,,FALSE,¥0,¥0,¥0
,,,,,,,FALSE,¥0,¥0,¥0
,,,,,,,FALSE,¥0,¥0,¥0
,,,,,,,FALSE,¥0,¥0,¥0
,,,,,,,FALSE,¥0,¥0,¥0
,,,,,,,FALSE,¥0,¥0,¥0
,,,,,,,FALSE,¥0,¥0,¥0
,,,,,,,FALSE,¥0,¥0,¥0
,,,,,,,FALSE,¥0,¥0,¥0
,,,,,,,FALSE,¥0,¥0,¥0
,,,,,,,FALSE,¥0,¥0,¥0
,,,,,,,FALSE,¥0,¥0,¥0
,,,,,,,FALSE,¥0,¥0,¥0
,,,,,,,FALSE,¥0,¥0,¥0
,,,,,,,FALSE,¥0,¥0,¥0
,,,,,,,FALSE,¥0,¥0,¥0
,,,,,,,FALSE,¥0,¥0,¥0
,,,,,,,FALSE,¥0,¥0,¥0
,,,,,,,FALSE,¥0,¥0,¥0
,,,,,,,FALSE,¥0,¥0,¥0
,,,,,,,FALSE,¥0,¥0,¥0
,,,,,,,FALSE,¥0,¥0,¥0
,,,,,,,FALSE,¥0,¥0,¥0
,,,,,,,FALSE,¥0,¥0,¥0
,,,,,,,FALSE,¥0,¥0,¥0
,,,,,,,FALSE,¥0,¥0,¥0
,,,,,,,FALSE,¥0,¥0,¥0
,,,,,,,FALSE,¥0,¥0,¥0
,,,,,,,FALSE,¥0,¥0,¥0
,,,,,,,FALSE,¥0,¥0,¥0
,,,,,,,FALSE,¥0,¥0,¥0
,,,,,,,FALSE,¥0,¥0,¥0
,,,,,,,FALSE,¥0,¥0,¥0
,,,,,,,FALSE,¥0,¥0,¥0
,,,,,,,FALSE,¥0,¥0,¥0
,,,,,,,FALSE,¥0,¥0,¥0
,,,,,,,FALSE,¥0,¥0,¥0
,,,,,,,FALSE,¥0,¥0,¥0
,,,,,,,FALSE,¥0,¥0,¥0
,,,,,,,FALSE,¥0,¥0,¥0
,,,,,,,FALSE,¥0,¥0,¥0
,,,,,,,FALSE,¥0,¥0,¥0
,,,,,,,FALSE,¥0,¥0,¥0
,,,,,,,FALSE,¥0,¥0,¥0
,,,,,,,FALSE,¥0,¥0,¥0
,,,,,,,FALSE,¥0,¥0,¥0
,,,,,,,FALSE,¥0,¥0,¥0
,,,,,,,FALSE,¥0,¥0,¥0
,,,,,,,FALSE,¥0,¥0,¥0
,,,,,,,FALSE,¥0,¥0,¥0
,,,,,,,FALSE,¥0,¥0,¥0
,,,,,,,FALSE,¥0,¥0,¥0
,,,,,,,FALSE,¥0,¥0,¥0
,,,,,,,FALSE,¥0,¥0,¥0
,,,,,,,FALSE,¥0,¥0,¥0
,,,,,,,FALSE,¥0,¥0,¥0
,,,,,,,FALSE,¥0,¥0,¥0
,,,,,,,FALSE,¥0,¥0,¥0
,,,,,,,FALSE,¥0,¥0,¥0
,,,,,,,FALSE,¥0,¥0,¥0
,,,,,,,FALSE,¥0,¥0,¥0
,,,,,,,FALSE,¥0,¥0,¥0
,,,,,,,FALSE,¥0,¥0,¥0
,,,,,,,FALSE,¥0,¥0,¥0
,,,,,,,FALSE,¥0,¥0,¥0
,,,,,,,FALSE,¥0,¥0,¥0
,,,,,,,FALSE,¥0,¥0,¥0
,,,,,,,FALSE,¥0,¥0,¥0
,,,,,,,FALSE,¥0,¥0,¥0
,,,,,,,FALSE,¥0,¥0,¥0
,,,,,,,FALSE,¥0,¥0,¥0
,,,,,,,FALSE,¥0,¥0,¥0
,,,,,,,FALSE,¥0,¥0,¥0
,,,,,,,FALSE,¥0,¥0,¥0
,,,,,,,FALSE,¥0,¥0,¥0
,,,,,,,FALSE,¥0,¥0,¥0
,,,,,,,FALSE,¥0,¥0,¥0
,,,,,,,FALSE,¥0,¥0,¥0
,,,,,,,FALSE,¥0,¥0,¥0
,,,,,,,FALSE,¥0,¥0,¥0
,,,,,,,FALSE,¥0,¥0,¥0
,,,,,,,FALSE,¥0,¥0,¥0
,,,,,,,FALSE,¥0,¥0,¥0
,,,,,,,FALSE,¥0,¥0,¥0
,,,,,,,FALSE,¥0,¥0,¥0
,,,,,,,FALSE,¥0,¥0,¥0
,,,,,,,FALSE,¥0,¥0,¥0
,,,,,,,FALSE,¥0,¥0,¥0
,,,,,,,FALSE,¥0,¥0,¥0
,,,,,,,FALSE,¥0,¥0,¥0
,,,,,,,FALSE,¥0,¥0,¥0
,,,,,,,FALSE,¥0,¥0,¥0
,,,,,,,FALSE,¥0,¥0,¥0
,,,,,,,FALSE,¥0,¥0,¥0
,,,,,,,FALSE,¥0,¥0,¥0
,,,,,,,FALSE,¥0,¥0,¥0
,,,,,,,FALSE,¥0,¥0,¥0
,,,,,,,FALSE,¥0,¥0,¥0
,,,,,,,FALSE,¥0,¥0,¥0
,,,,,,,FALSE,¥0,¥0,¥0
,,,,,,,FALSE,¥0,¥0,¥0
,,,,,,,FALSE,¥0,¥0,¥0
,,,,,,,FALSE,¥0,¥0,¥0
,,,,,,,FALSE,¥0,¥0,¥0
,,,,,,,FALSE,¥0,¥0,¥0
,,,,,,,FALSE,¥0,¥0,¥0
,,,,,,,FALSE,¥0,¥0,¥0
,,,,,,,FALSE,¥0,¥0,¥0
,,,,,,,FALSE,¥0,¥0,¥0
,,,,,,,FALSE,¥0,¥0,¥0
,,,,,,,FALSE,¥0,¥0,¥0
,,,,,,,FALSE,¥0,¥0,¥0
,,,,,,,FALSE,¥0,¥0,¥0
,,,,,,,FALSE,¥0,¥0,¥0
,,,,,,,FALSE,¥0,¥0,¥0
,,,,,,,FALSE,¥0,¥0,¥0
,,,,,,,FALSE,¥0,¥0,¥0
,,,,,,,FALSE,¥0,¥0,¥0
,,,,,,,FALSE,¥0,¥0,¥0
,,,,,,,FALSE,¥0,¥0,¥0
,,,,,,,FALSE,¥0,¥0,¥0
,,,,,,,FALSE,¥0,¥0,¥0
,,,,,,,FALSE,¥0,¥0,¥0
,,,,,,,FALSE,¥0,¥0,¥0
,,,,,,,FALSE,¥0,¥0,¥0
,,,,,,,FALSE,¥0,¥0,¥0
,,,,,,,FALSE,¥0,¥0,¥0
,,,,,,,FALSE,¥0,¥0,¥0
,,,,,,,FALSE,¥0,¥0,¥0
,,,,,,,FALSE,¥0,¥0,¥0
,,,,,,,FALSE,¥0,¥0,¥0
,,,,,,,FALSE,¥0,¥0,¥0
,,,,,,,FALSE,¥0,¥0,¥0
,,,,,,,FALSE,¥0,¥0,¥0
,,,,,,,FALSE,¥0,¥0,¥0
,,,,,,,FALSE,¥0,¥0,¥0
,,,,,,,FALSE,¥0,¥0,¥0
,,,,,,,FALSE,¥0,¥0,¥0
,,,,,,,FALSE,¥0,¥0,¥0
,,,,,,,FALSE,¥0,¥0,¥0
,,,,,,,FALSE,¥0,¥0,¥0
,,,,,,,FALSE,¥0,¥0,¥0
,,,,,,,FALSE,¥0,¥0,¥0
,,,,,,,FALSE,¥0,¥0,¥0
,,,,,,,FALSE,¥0,¥0,¥0
,,,,,,,FALSE,¥0,¥0,¥0
,,,,,,,FALSE,¥0,¥0,¥0
,,,,,,,FALSE,¥0,¥0,¥0
,,,,,,,FALSE,¥0,¥0,¥0
,,,,,,,FALSE,¥0,¥0,¥0
,,,,,,,FALSE,¥0,¥0,¥0
,,,,,,,FALSE,¥0,¥0,¥0
,,,,,,,FALSE,¥0,¥0,¥0
,,,,,,,FALSE,¥0,¥0,¥0
,,,,,,,FALSE,¥0,¥0,¥0
,,,,,,,FALSE,¥0,¥0,¥0
,,,,,,,FALSE,¥0,¥0,¥0
,,,,,,,FALSE,¥0,¥0,¥0
,,,,,,,FALSE,¥0,¥0,¥0
,,,,,,,FALSE,¥0,¥0,¥0
,,,,,,,FALSE,¥0,¥0,¥0
,,,,,,,FALSE,¥0,¥0,¥0
,,,,,,,FALSE,¥0,¥0,¥0
,,,,,,,FALSE,¥0,¥0,¥0
,,,,,,,FALSE,¥0,¥0,¥0
,,,,,,,FALSE,¥0,¥0,¥0
,,,,,,,FALSE,¥0,¥0,¥0
,,,,,,,FALSE,¥0,¥0,¥0
,,,,,,,FALSE,¥0,¥0,¥0
,,,,,,,FALSE,¥0,¥0,¥0
,,,,,,,FALSE,¥0,¥0,¥0
,,,,,,,FALSE,¥0,¥0,¥0
,,,,,,,FALSE,¥0,¥0,¥0
,,,,,,,FALSE,¥0,¥0,¥0
,,,,,,,FALSE,¥0,¥0,¥0
,,,,,,,FALSE,¥0,¥0,¥0
,,,,,,,FALSE,¥0,¥0,¥0
,,,,,,,FALSE,¥0,¥0,¥0
,,,,,,,FALSE,¥0,¥0,¥0
,,,,,,,FALSE,¥0,¥0,¥0
,,,,,,,FALSE,¥0,¥0,¥0
,,,,,,,FALSE,¥0,¥0,¥0
,,,,,,,FALSE,¥0,¥0,¥0
,,,,,,,FALSE,¥0,¥0,¥0
,,,,,,,FALSE,¥0,¥0,¥0
,,,,,,,FALSE,¥0,¥0,¥0
,,,,,,,FALSE,¥0,¥0,¥0
,,,,,,,FALSE,¥0,¥0,¥0
,,,,,,,FALSE,¥0,¥0,¥0
,,,,,,,FALSE,¥0,¥0,¥0
,,,,,,,FALSE,¥0,¥0,¥0
,,,,,,,FALSE,¥0,¥0,¥0
,,,,,,,FALSE,¥0,¥0,¥0
,,,,,,,FALSE,¥0,¥0,¥0
,,,,,,,FALSE,¥0,¥0,¥0
,,,,,,,FALSE,¥0,¥0,¥0
,,,,,,,FALSE,¥0,¥0,¥0
,,,,,,,FALSE,¥0,¥0,¥0
,,,,,,,FALSE,¥0,¥0,¥0
,,,,,,,FALSE,¥0,¥0,¥0
,,,,,,,FALSE,¥0,¥0,¥0
,,,,,,,FALSE,¥0,¥0,¥0
,,,,,,,FALSE,¥0,¥0,¥0
,,,,,,,FALSE,¥0,¥0,¥0
,,,,,,,FALSE,¥0,¥0,¥0
,,,,,,,FALSE,¥0,¥0,¥0
,,,,,,,FALSE,¥0,¥0,¥0
,,,,,,,FALSE,¥0,¥0,¥0
,,,,,,,FALSE,¥0,¥0,¥0
,,,,,,,FALSE,¥0,¥0,¥0
,,,,,,,FALSE,¥0,¥0,¥0
,,,,,,,FALSE,¥0,¥0,¥0
,,,,,,,FALSE,¥0,¥0,¥0
,,,,,,,FALSE,¥0,¥0,¥0
,,,,,,,FALSE,¥0,¥0,¥0
,,,,,,,FALSE,¥0,¥0,¥0
,,,,,,,FALSE,¥0,¥0,¥0
,,,,,,,FALSE,¥0,¥0,¥0
,,,,,,,FALSE,¥0,¥0,¥0
,,,,,,,FALSE,¥0,¥0,¥0
,,,,,,,FALSE,¥0,¥0,¥0
,,,,,,,FALSE,¥0,¥0,¥0
,,,,,,,FALSE,¥0,¥0,¥0
,,,,,,,FALSE,¥0,¥0,¥0
,,,,,,,FALSE,¥0,¥0,¥0
,,,,,,,FALSE,¥0,¥0,¥0
,,,,,,,FALSE,¥0,¥0,¥0
,,,,,,,FALSE,¥0,¥0,¥0
,,,,,,,FALSE,¥0,¥0,¥0
,,,,,,,FALSE,¥0,¥0,¥0
,,,,,,,FALSE,¥0,¥0,¥0
,,,,,,,FALSE,¥0,¥0,¥0
,,,,,,,FALSE,¥0,¥0,¥0
,,,,,,,FALSE,¥0,¥0,¥0
,,,,,,,FALSE,¥0,¥0,¥0
,,,,,,,FALSE,¥0,¥0,¥0
,,,,,,,FALSE,¥0,¥0,¥0
,,,,,,,FALSE,¥0,¥0,¥0
,,,,,,,FALSE,¥0,¥0,¥0
,,,,,,,FALSE,¥0,¥0,¥0
,,,,,,,FALSE,¥0,¥0,¥0
,,,,,,,FALSE,¥0,¥0,¥0
,,,,,,,FALSE,¥0,¥0,¥0
,,,,,,,FALSE,¥0,¥0,¥0
,,,,,,,FALSE,¥0,¥0,¥0
,,,,,,,FALSE,¥0,¥0,¥0
,,,,,,,FALSE,¥0,¥0,¥0
,,,,,,,FALSE,¥0,¥0,¥0
,,,,,,,FALSE,¥0,¥0,¥0
,,,,,,,FALSE,¥0,¥0,¥0
,,,,,,,FALSE,¥0,¥0,¥0
,,,,,,,FALSE,¥0,¥0,¥0
,,,,,,,FALSE,¥0,¥0,¥0
,,,,,,,FALSE,¥0,¥0,¥0
,,,,,,,FALSE,¥0,¥0,¥0
,,,,,,,FALSE,¥0,¥0,¥0
,,,,,,,FALSE,¥0,¥0,¥0
,,,,,,,FALSE,¥0,¥0,¥0
,,,,,,,FALSE,¥0,¥0,¥0
,,,,,,,FALSE,¥0,¥0,¥0
,,,,,,,FALSE,¥0,¥0,¥0
,,,,,,,FALSE,¥0,¥0,¥0
,,,,,,,FALSE,¥0,¥0,¥0
,,,,,,,FALSE,¥0,¥0,¥0
,,,,,,,FALSE,¥0,¥0,¥0
,,,,,,,FALSE,¥0,¥0,¥0
,,,,,,,FALSE,¥0,¥0,¥0
,,,,,,,FALSE,¥0,¥0,¥0
,,,,,,,FALSE,¥0,¥0,¥0
,,,,,,,FALSE,¥0,¥0,¥0
,,,,,,,FALSE,¥0,¥0,¥0
,,,,,,,FALSE,¥0,¥0,¥0
,,,,,,,FALSE,¥0,¥0,¥0
,,,,,,,FALSE,¥0,¥0,¥0
,,,,,,,FALSE,¥0,¥0,¥0
,,,,,,,FALSE,¥0,¥0,¥0
,,,,,,,FALSE,¥0,¥0,¥0
,,,,,,,FALSE,¥0,¥0,¥0
,,,,,,,FALSE,¥0,¥0,¥0
,,,,,,,FALSE,¥0,¥0,¥0
,,,,,,,FALSE,¥0,¥0,¥0
,,,,,,,FALSE,¥0,¥0,¥0
,,,,,,,FALSE,¥0,¥0,¥0
,,,,,,,FALSE,¥0,¥0,¥0
,,,,,,,FALSE,¥0,¥0,¥0
,,,,,,,FALSE,¥0,¥0,¥0
,,,,,,,FALSE,¥0,¥0,¥0
,,,,,,,FALSE,¥0,¥0,¥0
,,,,,,,FALSE,¥0,¥0,¥0
,,,,,,,FALSE,¥0,¥0,¥0
,,,,,,,FALSE,¥0,¥0,¥0
,,,,,,,FALSE,¥0,¥0,¥0
,,,,,,,FALSE,¥0,¥0,¥0
,,,,,,,FALSE,¥0,¥0,¥0
,,,,,,,FALSE,¥0,¥0,¥0
,,,,,,,FALSE,¥0,¥0,¥0
,,,,,,,FALSE,¥0,¥0,¥0
,,,,,,,FALSE,¥0,¥0,¥0
,,,,,,,FALSE,¥0,¥0,¥0
,,,,,,,FALSE,¥0,¥0,¥0
,,,,,,,FALSE,¥0,¥0,¥0
,,,,,,,FALSE,¥0,¥0,¥0
,,,,,,,FALSE,¥0,¥0,¥0
,,,,,,,FALSE,¥0,¥0,¥0
,,,,,,,FALSE,¥0,¥0,¥0
,,,,,,,FALSE,¥0,¥0,¥0
,,,,,,,FALSE,¥0,¥0,¥0
,,,,,,,FALSE,¥0,¥0,¥0
,,,,,,,FALSE,¥0,¥0,¥0
,,,,,,,FALSE,¥0,¥0,¥0
,,,,,,,FALSE,¥0,¥0,¥0
,,,,,,,FALSE,¥0,¥0,¥0
,,,,,,,FALSE,¥0,¥0,¥0
,,,,,,,FALSE,¥0,¥0,¥0
,,,,,,,FALSE,¥0,¥0,¥0
,,,,,,,FALSE,¥0,¥0,¥0
,,,,,,,FALSE,¥0,¥0,¥0
,,,,,,,FALSE,¥0,¥0,¥0
,,,,,,,FALSE,¥0,¥0,¥0
,,,,,,,FALSE,¥0,¥0,¥0
,,,,,,,FALSE,¥0,¥0,¥0
,,,,,,,FALSE,¥0,¥0,¥0
,,,,,,,FALSE,¥0,¥0,¥0
,,,,,,,FALSE,¥0,¥0,¥0
,,,,,,,FALSE,¥0,¥0,¥0
,,,,,,,FALSE,¥0,¥0,¥0
,,,,,,,FALSE,¥0,¥0,¥0
,,,,,,,FALSE,¥0,¥0,¥0
,,,,,,,FALSE,¥0,¥0,¥0
,,,,,,,FALSE,¥0,¥0,¥0
,,,,,,,FALSE,¥0,¥0,¥0
,,,,,,,FALSE,¥0,¥0,¥0
,,,,,,,FALSE,¥0,¥0,¥0
,,,,,,,FALSE,¥0,¥0,¥0
,,,,,,,FALSE,¥0,¥0,¥0
,,,,,,,FALSE,¥0,¥0,¥0
,,,,,,,FALSE,¥0,¥0,¥0
,,,,,,,FALSE,¥0,¥0,¥0
,,,,,,,FALSE,¥0,¥0,¥0
,,,,,,,FALSE,¥0,¥0,¥0
,,,,,,,FALSE,¥0,¥0,¥0
,,,,,,,FALSE,¥0,¥0,¥0
,,,,,,,FALSE,¥0,¥0,¥0
,,,,,,,FALSE,¥0,¥0,¥0
,,,,,,,FALSE,¥0,¥0,¥0
,,,,,,,FALSE,¥0,¥0,¥0
,,,,,,,FALSE,¥0,¥0,¥0
,,,,,,,FALSE,¥0,¥0,¥0
,,,,,,,FALSE,¥0,¥0,¥0
,,,,,,,FALSE,¥0,¥0,¥0
,,,,,,,FALSE,¥0,¥0,¥0
,,,,,,,FALSE,¥0,¥0,¥0
,,,,,,,FALSE,¥0,¥0,¥0
,,,,,,,FALSE,¥0,¥0,¥0
,,,,,,,FALSE,¥0,¥0,¥0
,,,,,,,FALSE,¥0,¥0,¥0
,,,,,,,FALSE,¥0,¥0,¥0
,,,,,,,FALSE,¥0,¥0,¥0
,,,,,,,FALSE,¥0,¥0,¥0
,,,,,,,FALSE,¥0,¥0,¥0
,,,,,,,FALSE,¥0,¥0,¥0
,,,,,,,FALSE,¥0,¥0,¥0
,,,,,,,FALSE,¥0,¥0,¥0
,,,,,,,FALSE,¥0,¥0,¥0
,,,,,,,FALSE,¥0,¥0,¥0
,,,,,,,FALSE,¥0,¥0,¥0
,,,,,,,FALSE,¥0,¥0,¥0
,,,,,,,FALSE,¥0,¥0,¥0
,,,,,,,FALSE,¥0,¥0,¥0
,,,,,,,FALSE,¥0,¥0,¥0
,,,,,,,FALSE,¥0,¥0,¥0
,,,,,,,FALSE,¥0,¥0,¥0
,,,,,,,FALSE,¥0,¥0,¥0
,,,,,,,FALSE,¥0,¥0,¥0
,,,,,,,FALSE,¥0,¥0,¥0
,,,,,,,FALSE,¥0,¥0,¥0
,,,,,,,FALSE,¥0,¥0,¥0
,,,,,,,FALSE,¥0,¥0,¥0
,,,,,,,FALSE,¥0,¥0,¥0
,,,,,,,FALSE,¥0,¥0,¥0
,,,,,,,FALSE,¥0,¥0,¥0
,,,,,,,FALSE,¥0,¥0,¥0
,,,,,,,FALSE,¥0,¥0,¥0
,,,,,,,FALSE,¥0,¥0,¥0
,,,,,,,FALSE,¥0,¥0,¥0
,,,,,,,FALSE,¥0,¥0,¥0
,,,,,,,FALSE,¥0,¥0,¥0
,,,,,,,FALSE,¥0,¥0,¥0
,,,,,,,FALSE,¥0,¥0,¥0
,,,,,,,FALSE,¥0,¥0,¥0
,,,,,,,FALSE,¥0,¥0,¥0
,,,,,,,FALSE,¥0,¥0,¥0
,,,,,,,FALSE,¥0,¥0,¥0
,,,,,,,FALSE,¥0,¥0,¥0
,,,,,,,FALSE,¥0,¥0,¥0
,,,,,,,FALSE,¥0,¥0,¥0
,,,,,,,FALSE,¥0,¥0,¥0
,,,,,,,FALSE,¥0,¥0,¥0
,,,,,,,FALSE,¥0,¥0,¥0
,,,,,,,FALSE,¥0,¥0,¥0
,,,,,,,FALSE,¥0,¥0,¥0
,,,,,,,FALSE,¥0,¥0,¥0
,,,,,,,FALSE,¥0,¥0,¥0
,,,,,,,FALSE,¥0,¥0,¥0
,,,,,,,FALSE,¥0,¥0,¥0
,,,,,,,FALSE,¥0,¥0,¥0
,,,,,,,FALSE,¥0,¥0,¥0
,,,,,,,FALSE,¥0,¥0,¥0
,,,,,,,FALSE,¥0,¥0,¥0
,,,,,,,FALSE,¥0,¥0,¥0
,,,,,,,FALSE,¥0,¥0,¥0
,,,,,,,FALSE,¥0,¥0,¥0
,,,,,,,FALSE,¥0,¥0,¥0
,,,,,,,FALSE,¥0,¥0,¥0
,,,,,,,FALSE,¥0,¥0,¥0
,,,,,,,FALSE,¥0,¥0,¥0
,,,,,,,FALSE,¥0,¥0,¥0
,,,,,,,FALSE,¥0,¥0,¥0
,,,,,,,FALSE,¥0,¥0,¥0
,,,,,,,FALSE,¥0,¥0,¥0
,,,,,,,FALSE,¥0,¥0,¥0
,,,,,,,FALSE,¥0,¥0,¥0
,,,,,,,FALSE,¥0,¥0,¥0
,,,,,,,FALSE,¥0,¥0,¥0
,,,,,,,FALSE,¥0,¥0,¥0
,,,,,,,FALSE,¥0,¥0,¥0
,,,,,,,FALSE,¥0,¥0,¥0
,,,,,,,FALSE,¥0,¥0,¥0
,,,,,,,FALSE,¥0,¥0,¥0
,,,,,,,FALSE,¥0,¥0,¥0
,,,,,,,FALSE,¥0,¥0,¥0
,,,,,,,FALSE,¥0,¥0,¥0
,,,,,,,FALSE,¥0,¥0,¥0
,,,,,,,FALSE,¥0,¥0,¥0
,,,,,,,FALSE,¥0,¥0,¥0
,,,,,,,FALSE,¥0,¥0,¥0
,,,,,,,FALSE,¥0,¥0,¥0
,,,,,,,FALSE,¥0,¥0,¥0
,,,,,,,FALSE,¥0,¥0,¥0
,,,,,,,FALSE,¥0,¥0,¥0
,,,,,,,FALSE,¥0,¥0,¥0
,,,,,,,FALSE,¥0,¥0,¥0
,,,,,,,FALSE,¥0,¥0,¥0
,,,,,,,FALSE,¥0,¥0,¥0
,,,,,,,FALSE,¥0,¥0,¥0
,,,,,,,FALSE,¥0,¥0,¥0
,,,,,,,FALSE,¥0,¥0,¥0
,,,,,,,FALSE,¥0,¥0,¥0
,,,,,,,FALSE,¥0,¥0,¥0
,,,,,,,FALSE,¥0,¥0,¥0
,,,,,,,FALSE,¥0,¥0,¥0